Workbook

Sheet Instructions
B2: AlvionX Data Analytics Internship
B3: Week 1 - Session 1: Excel Fundamentals & Formulas | Practice Dataset
B5: Sheet | C5: What it contains / What to do
B6: Sales_Data | C6: 50 rows of raw retail sales transactions. Use this sheet for all practice tasks below.
B7: Product_Lookup | C7: Reference table of Product ID -> Product Name, Category, and Unit Price. Used for VLOOKUP / INDEX-MATCH practice.
B9: Task 1 - Core Formulas (Sales_Data sheet)
C10: In cell H53, calculate Total Sales for each row = Quantity x Unit Price (fill H4:H53).
C11: In J2 area (or a blank cell), calculate: Total Revenue using SUM
C12: Calculate Average Sale Value using AVERAGE
C13: Count total number of transactions using COUNT / COUNTA
C14: Find the Highest and Lowest sale value using MAX and MIN
B16: Task 2 - Logical Functions (column I: Performance)
C17: Use nested IF to classify each transaction:
C18: Total Sales > 20000 -> 'High'
C19: Total Sales between 8000 and 20000 -> 'Medium'
C20: Total Sales < 8000 -> 'Low'
C21: Use AND/OR: Flag as 'Priority Follow-up' if Region = 'North' AND Total Sales < 8000
B23: Task 3 - Lookup Functions (column J: Category)
C24: Use VLOOKUP to pull the Category for each Product ID from the Product_Lookup sheet.
B27: Reference cells | C27: Row 4 in Sales_Data has been left as an example - check the formula bar on H4 is blank for you to fill; a solved example exists in row 3 notes below for guidance only.

Sheet Sales_Data
A1: Retail Sales Analysis - Practice Dataset
A2: Fill in Total Sales, Performance, and Category columns using the formulas from Session 1 | J2: Summary Stats (fill using formulas)
A3: Transaction ID | B3: Date | C3: Product ID | D3: Region | E3: Salesperson | F3: Quantity | G3: Unit Price | H3: Total Sales | I3: Performance | J3: Category (VLOOKUP) | K3: Category (INDEX-MATCH)
A4: TXN1000 | B4: 46194 | C4: P102 | D4: North | E4: Imran Khan | F4: 8 | G4: 450 | H4: =PRODUCT(F4,G4) -> 3600 | I4: =IF(H4 >=20000,"High",IF(H4 <=8000,"Low","Medium")) -> Low | J4: =VLOOKUP(C4,Product_Lookup!A:B,2,FALSE) -> Cotton T-Shirt | K4: =INDEX(Product_Lookup!B:B,MATCH(C4,Product_Lookup!A:A,0)) -> Cotton T-Shirt
A5: TXN1001 | B5: 46181 | C5: P103 | D5: North | E5: Vivek Rao | F5: 3 | G5: 3200 | H5: =PRODUCT(F5,G5) -> 9600 | I5: =IF(H5 >=20000,"High",IF(H5 <=8000,"Low","Medium")) -> Medium | J5: =VLOOKUP(C5,Product_Lookup!A:B,2,FALSE) -> Air Fryer XL | K5: =INDEX(Product_Lookup!B:B,MATCH(C5,Product_Lookup!A:A,0)) -> Air Fryer XL
A6: TXN1002 | B6: 46192 | C6: P107 | D6: North | E6: Aarav Sharma | F6: 3 | G6: 75 | H6: =PRODUCT(F6,G6) -> 225 | I6: =IF(H6 >=20000,"High",IF(H6 <=8000,"Low","Medium")) -> Low | J6: =VLOOKUP(C6,Product_Lookup!A:B,2,FALSE) -> Ceramic Mug | K6: =INDEX(Product_Lookup!B:B,MATCH(C6,Product_Lookup!A:A,0)) -> Ceramic Mug
A7: TXN1003 | B7: 46180 | C7: P104 | D7: North | E7: Vivek Rao | F7: 7 | G7: 899 | H7: =PRODUCT(F7,G7) -> 6293 | I7: =IF(H7 >=20000,"High",IF(H7 <=8000,"Low","Medium")) -> Low | J7: =VLOOKUP(C7,Product_Lookup!A:B,2,FALSE) -> Bluetooth Headphones | K7: =INDEX(Product_Lookup!B:B,MATCH(C7,Product_Lookup!A:A,0)) -> Bluetooth Headphones
A8: TXN1004 | B8: 46196 | C8: P109 | D8: West | E8: Sneha Kapoor | F8: 15 | G8: 620 | H8: =PRODUCT(F8,G8) -> 9300 | I8: =IF(H8 >=20000,"High",IF(H8 <=8000,"Low","Medium")) -> Medium | J8: =VLOOKUP(C8,Product_Lookup!A:B,2,FALSE) -> Running Shoes | K8: =INDEX(Product_Lookup!B:B,MATCH(C8,Product_Lookup!A:A,0)) -> Running Shoes
A9: TXN1005 | B9: 46192 | C9: P105 | D9: North | E9: Rohit Nair | F9: 23 | G9: 150 | H9: =PRODUCT(F9,G9) -> 3450 | I9: =IF(H9 >=20000,"High",IF(H9 <=8000,"Low","Medium")) -> Low | J9: =VLOOKUP(C9,Product_Lookup!A:B,2,FALSE) -> Notebook Set | K9: =INDEX(Product_Lookup!B:B,MATCH(C9,Product_Lookup!A:A,0)) -> Notebook Set
A10: TXN1006 | B10: 46187 | C10: P106 | D10: East | E10: Rohit Nair | F10: 7 | G10: 2500 | H10: =PRODUCT(F10,G10) -> 17500 | I10: =IF(H10 >=20000,"High",IF(H10 <=8000,"Low","Medium")) -> Medium | J10: =VLOOKUP(C10,Product_Lookup!A:B,2,FALSE) -> Office Chair | K10: =INDEX(Product_Lookup!B:B,MATCH(C10,Product_Lookup!A:A,0)) -> Office Chair
A11: TXN1007 | B11: 46198 | C11: P106 | D11: North | E11: Priya Verma | F11: 13 | G11: 2500 | H11: =PRODUCT(F11,G11) -> 32500 | I11: =IF(H11 >=20000,"High",IF(H11 <=8000,"Low","Medium")) -> High | J11: =VLOOKUP(C11,Product_Lookup!A:B,2,FALSE) -> Office Chair | K11: =INDEX(Product_Lookup!B:B,MATCH(C11,Product_Lookup!A:A,0)) -> Office Chair
A12: TXN1008 | B12: 46177 | C12: P106 | D12: East | E12: Ananya Das | F12: 9 | G12: 2500 | H12: =PRODUCT(F12,G12) -> 22500 | I12: =IF(H12 >=20000,"High",IF(H12 <=8000,"Low","Medium")) -> High | J12: =VLOOKUP(C12,Product_Lookup!A:B,2,FALSE) -> Office Chair | K12: =INDEX(Product_Lookup!B:B,MATCH(C12,Product_Lookup!A:A,0)) -> Office Chair
A13: TXN1009 | B13: 46199 | C13: P101 | D13: West | E13: Vivek Rao | F13: 4 | G13: 1200 | H13: =PRODUCT(F13,G13) -> 4800 | I13: =IF(H13 >=20000,"High",IF(H13 <=8000,"Low","Medium")) -> Low | J13: =VLOOKUP(C13,Product_Lookup!A:B,2,FALSE) -> Wireless Mouse Pro | K13: =INDEX(Product_Lookup!B:B,MATCH(C13,Product_Lookup!A:A,0)) -> Wireless Mouse Pro
A14: TXN1010 | B14: 46203 | C14: P107 | D14: North | E14: Vivek Rao | F14: 10 | G14: 75 | H14: =PRODUCT(F14,G14) -> 750 | I14: =IF(H14 >=20000,"High",IF(H14 <=8000,"Low","Medium")) -> Low | J14: =VLOOKUP(C14,Product_Lookup!A:B,2,FALSE) -> Ceramic Mug | K14: =INDEX(Product_Lookup!B:B,MATCH(C14,Product_Lookup!A:A,0)) -> Ceramic Mug
A15: TXN1011 | B15: 46200 | C15: P110 | D15: East | E15: Ananya Das | F15: 7 | G15: 999 | H15: =PRODUCT(F15,G15) -> 6993 | I15: =IF(H15 >=20000,"High",IF(H15 <=8000,"Low","Medium")) -> Low | J15: =VLOOKUP(C15,Product_Lookup!A:B,2,FALSE) -> Backpack | K15: =INDEX(Product_Lookup!B:B,MATCH(C15,Product_Lookup!A:A,0)) -> Backpack
... A53: TXN1049 | B53: 46197 | C53: P106 | D53: North | E53: Sneha Kapoor | F53: 7 | G53: 2500 | H53: =PRODUCT(F53,G53) -> 17500 | I53: =IF(H53 >=20000,"High",IF(H53 <=8000,"Low","Medium")) -> Medium | J53: =VLOOKUP(C53,Product_Lookup!A:B,2,FALSE) -> Office Chair | K53: =INDEX(Product_Lookup!B:B,MATCH(C53,Product_Lookup!A:A,0)) -> Office Chair
A55: SUMMARY STATISTICS (Task 1)
A56: Total Revenue | D56: =SUM(H:H) -> 620828
A57: Average Sale Value | D57: =AVERAGE(H:H) -> 12416.56
A58: Number of Transactions | D58: =COUNTA(A4:A53) -> 50
A59: Highest Sale | D59: =MAX(H4:H53) -> 48000
A60: Lowest Sale | D60: =MIN(H4:H53) -> 75

Sheet Product_Lookup
A1: Product Lookup Table
A2: Used for VLOOKUP / INDEX-MATCH practice in Sales_Data
A4: Product ID | B4: Product Name | C4: Category | D4: Unit Price
A5: P101 | B5: Wireless Mouse Pro | C5: Electronics | D5: 1200
A6: P102 | B6: Cotton T-Shirt | C6: Apparel | D6: 450
A7: P103 | B7: Air Fryer XL | C7: Home Appliances | D7: 3200
A8: P104 | B8: Bluetooth Headphones | C8: Electronics | D8: 899
A9: P105 | B9: Notebook Set | C9: Stationery | D9: 150
A10: P106 | B10: Office Chair | C10: Furniture | D10: 2500
A11: P107 | B11: Ceramic Mug | C11: Home & Kitchen | D11: 75
A12: P108 | B12: Study Table Lamp | C12: Furniture | D12: 1800
A13: P109 | B13: Running Shoes | C13: Apparel | D13: 620
A14: P110 | B14: Backpack | C14: Accessories | D14: 999
